vampire,romanianAccent,easternAccent,complexion,garlic,shadow
Human,1,0,-1,1,1
Human,0,0,-1,0,1
Vampire,1,0,3,0,0
Vampire,1,0,-2,0,1
Vampire,1,0,3,0,0
Vampire,0,0,4,0,0
Vampire,1,0,-2,0,1
Vampire,0,1,-5,0,0
Human,0,0,2,1,1
Vampire,0,0,0,0,0
Human,0,0,-5,0,0
Vampire,0,1,4,1,0
Vampire,1,0,2,0,0
Human,0,1,5,1,1
Vampire,0,0,0,0,0
Vampire,1,0,-1,1,0
Vampire,1,0,2,0,0
Vampire,0,0,5,0,0
Vampire,0,1,-4,0,0
Vampire,1,0,-1,0,0
Vampire,0,1,2,0,1
Vampire,1,0,4,1,0
Human,0,0,0,0,1
Vampire,0,1,4,0,0
Human,0,0,-4,0,1
Vampire,1,0,-4,0,1
Human,0,1,-4,1,1
Vampire,1,0,-3,1,0
Vampire,1,0,-4,0,1
Human,0,0,-2,0,1
Human,0,0,4,1,1
Human,1,0,-1,1,1
Vampire,0,0,-1,0,0
Human,1,0,-5,1,1
Human,1,0,3,1,1
Vampire,1,0,2,1,0
Human,1,0,4,1,1
Vampire,1,0,3,0,1
Vampire,1,0,2,0,0
Vampire,1,0,-5,0,0
Human,0,0,-5,1,0
Vampire,1,0,0,1,0
Vampire,0,1,-1,0,0
Vampire,1,0,-4,0,1
Human,0,0,-3,0,1
Human,0,0,0,1,0
Human,0,0,-4,1,0
Vampire,1,0,2,0,1
Vampire,0,1,0,0,0
Vampire,1,0,5,0,0
Vampire,1,0,-1,0,0
Human,0,1,1,1,1
Vampire,0,1,2,0,0
Human,0,1,-3,0,1
Human,1,0,5,1,1
Human,0,1,1,1,1
Vampire,1,0,0,0,1
Human,1,0,-3,1,1
Human,0,1,-4,1,1
Human,1,0,3,1,1
Vampire,0,1,1,0,1
Vampire,1,0,-1,1,0
Human,0,0,3,1,1
Vampire,1,0,-3,1,0
Human,0,1,-5,0,1
Human,0,1,-3,1,0
Vampire,1,0,-1,0,1
Vampire,0,1,1,0,1
Vampire,1,0,4,0,0
Vampire,1,0,-3,0,0
Vampire,1,0,5,0,1
Vampire,0,1,0,0,0
Human,0,0,-5,1,1
Human,0,1,-5,1,1
Human,0,0,1,0,1
Vampire,1,0,0,0,0
Human,0,1,-2,1,1
Vampire,1,0,4,0,0
Vampire,1,0,-2,0,1
Vampire,0,1,1,0,0
Vampire,1,0,-4,1,0
Vampire,0,1,5,0,0
Vampire,1,0,1,0,1
Human,0,1,-2,1,1
Human,0,0,3,0,1
Vampire,0,1,2,1,0
Human,0,0,3,1,0
Human,0,0,-1,0,1
Vampire,1,0,2,0,1
Human,0,0,0,1,0
Human,1,0,-2,1,1
Human,0,0,2,0,1
Human,0,0,3,1,0
Vampire,0,1,4,0,0
Human,0,0,-3,0,1
Vampire,1,0,-3,0,1
Vampire,1,0,-3,0,0
Human,0,0,1,0,1
Human,0,1,-4,0,1
Human,0,1,1,1,1
Vampire,1,0,0,1,0
Human,0,1,-4,0,1
Human,1,0,4,1,1
Human,0,0,5,1,0
Human,0,1,-3,0,1
Vampire,0,1,-1,0,0
Vampire,0,1,-3,0,0
Human,0,0,0,1,0
Vampire,1,0,4,1,0
Human,0,0,-4,1,0
Human,1,0,2,1,1
Human,0,1,-4,0,1
Human,1,0,-2,1,1
Human,0,0,5,0,1
Vampire,0,1,2,0,1
Vampire,0,0,0,0,0
Human,0,1,0,0,1
Vampire,0,1,-5,0,0
Vampire,0,0,-2,0,0
Vampire,1,0,-3,1,0
Human,0,1,-1,1,0
Vampire,1,0,-2,0,1
Human,0,1,-1,1,0
Vampire,1,0,5,0,0
Vampire,1,0,1,1,0
Vampire,0,1,4,1,0
Vampire,1,0,0,0,0
Vampire,0,1,1,1,0
Vampire,1,0,2,0,1
Human,0,0,3,0,1
Vampire,1,0,3,1,0
Human,0,0,-3,1,1
Vampire,1,0,4,0,0
Vampire,1,0,4,1,0
Vampire,1,0,3,1,0
Vampire,0,1,-3,0,0
Human,0,0,-4,0,1
Vampire,1,0,-2,0,1
Vampire,1,0,2,0,1
Vampire,1,0,5,0,1
Human,1,0,0,1,1
Vampire,1,0,3,1,0
Vampire,1,0,3,0,0
Human,1,0,0,1,1
Human,0,0,5,0,1
Vampire,0,1,2,1,0
Vampire,1,0,-3,1,0
Vampire,1,0,4,1,0
Human,0,1,-2,1,0
Human,0,1,0,0,1
Human,1,0,-3,1,1
Human,0,1,-3,0,1
Vampire,0,1,3,0,0
Human,0,0,2,1,1
Human,0,0,5,1,1
Vampire,1,0,1,1,0
Vampire,0,1,2,0,0
Vampire,0,1,3,0,1
Human,0,0,-3,1,0
Human,0,0,5,1,0
Human,0,1,-1,0,1
Vampire,0,1,-3,0,0
Vampire,1,0,4,0,0
Vampire,1,0,3,0,1
Human,0,1,-2,0,1
Human,0,0,1,1,0
Human,0,1,-2,0,1
Human,0,0,-5,0,0
Vampire,1,0,1,0,0
Vampire,1,0,1,1,0
Human,0,0,-3,0,1
Human,0,0,-2,1,0
Human,0,0,1,0,1
Vampire,1,0,3,1,0
Vampire,1,0,4,0,1
Human,1,0,3,1,1
Vampire,0,1,0,0,0
Vampire,1,0,-5,0,0
Vampire,0,1,4,1,0
Human,0,0,-4,1,0
Vampire,0,1,1,0,1
Vampire,1,0,5,0,1
Vampire,0,0,0,0,0
Human,1,0,2,1,1
Vampire,0,1,5,0,1
Human,0,0,2,0,1
Vampire,0,1,5,1,0
Vampire,0,0,-2,0,0
Vampire,1,0,-2,0,1
Vampire,0,1,3,0,0
Human,0,0,2,0,1
Vampire,1,0,0,0,1
Human,0,1,-5,1,0
Vampire,1,0,-5,0,0
Human,0,1,-4,0,1
Human,0,1,-1,1,1
Vampire,0,1,-1,0,0
Human,0,0,0,0,1
Vampire,1,0,-2,0,0
Human,0,0,-1,0,1
Human,0,0,-1,0,1
Vampire,0,0,-2,0,0
Vampire,1,0,-2,0,1
Human,0,1,-1,1,0
Vampire,0,1,4,0,1
Vampire,1,0,1,0,1
Human,0,1,-4,0,1
Vampire,1,0,-2,0,0
Human,0,1,-2,0,1
Vampire,1,0,5,1,0
Vampire,0,1,1,1,0
Vampire,1,0,5,0,1
Human,1,0,4,1,1
Human,0,1,-3,1,1
Vampire,0,1,-2,0,0
Human,0,0,-4,1,0
Human,0,1,-2,1,0
Human,1,0,-4,1,1
Vampire,1,0,5,0,1
Human,0,1,-2,1,0
Vampire,1,0,1,1,0
Human,1,0,-4,1,1
Vampire,1,0,-1,0,1
Human,0,0,-5,1,1
Human,0,1,-3,1,0
Human,0,1,0,1,0
Vampire,0,1,4,1,0
Vampire,1,0,1,0,0
Human,0,1,4,1,1
Human,0,0,4,0,1
Human,0,1,0,1,0
Vampire,1,0,5,0,1
Vampire,1,0,-3,1,0
Human,0,0,4,1,1
Human,0,0,-5,1,0
Human,0,0,-3,1,1
Human,0,1,-3,0,1
Human,0,1,0,1,0
Human,1,0,2,1,1
Human,0,0,3,0,1
Human,1,0,5,1,1
Vampire,0,1,2,0,1
Human,0,1,0,1,1
Vampire,1,0,-3,0,0
Human,0,0,2,1,1
Vampire,1,0,3,1,0
Vampire,0,1,-4,0,0
Human,0,1,-5,0,1
Human,0,1,-4,1,1
Vampire,1,0,1,1,0
Vampire,1,0,5,1,0
Human,1,0,-2,1,1
Vampire,1,0,-2,0,0
Vampire,0,1,1,0,0
Human,0,1,3,1,1
Vampire,1,0,5,0,0
Vampire,0,1,1,1,0
Vampire,1,0,5,0,0
Vampire,0,1,4,1,0
Vampire,1,0,-1,0,0
Vampire,1,0,0,0,0
Vampire,1,0,1,0,0
Human,0,1,-4,0,1
Human,0,1,-4,1,0
Vampire,1,0,-1,1,0
Human,0,1,0,1,0
Vampire,1,0,-4,1,0
Human,1,0,-4,1,1
Human,0,0,3,1,0
Vampire,0,1,2,1,0
Vampire,1,0,-1,0,1
Human,0,1,-3,1,1
Human,1,0,-1,1,1
Human,0,0,-1,1,0
Human,0,0,-4,1,1
Vampire,1,0,-3,0,0
Vampire,1,0,3,1,0
Human,1,0,3,1,1
Vampire,1,0,-3,1,0
Human,0,0,-4,1,1
Vampire,1,0,-3,0,1
Human,0,0,-5,0,0
Vampire,0,1,3,1,0
Vampire,0,1,2,0,1
Human,0,0,3,1,0
Human,1,0,-5,0,1
Human,0,1,-5,0,1
Vampire,1,0,1,1,0
Human,0,1,-4,1,1
Vampire,0,1,5,1,0
Vampire,1,0,3,1,0
Vampire,1,0,1,1,0
Human,0,0,2,1,1
Human,1,0,-5,1,0
Vampire,0,1,5,1,0
Human,1,0,3,1,1
Vampire,1,0,3,0,1
Human,1,0,-5,1,1
Human,0,0,0,0,1
Human,0,0,5,1,1
Vampire,0,0,-4,0,0
Vampire,0,1,-5,0,0
Vampire,0,1,2,0,0
Vampire,0,1,2,1,0
Vampire,1,0,5,1,0
Vampire,1,0,-4,1,0
Human,1,0,-3,1,1
Human,0,1,-2,0,1
Vampire,1,0,1,0,0
Human,0,1,-3,1,0
Human,0,0,1,1,1
Human,0,1,-5,1,1
Human,1,0,4,1,1
Human,0,0,3,1,0
Human,0,1,-3,0,1
Human,0,0,-5,1,1
Vampire,1,0,-1,1,0
Vampire,1,0,-1,1,0
Vampire,1,0,-4,0,0
Vampire,0,0,1,0,0
Vampire,0,1,-3,0,0
Human,0,0,3,0,1
Vampire,1,0,-2,1,0
Vampire,1,0,1,0,1
Human,1,0,-3,1,1
Human,0,0,2,0,1
Vampire,1,0,4,0,1
Vampire,1,0,0,0,1
Vampire,1,0,5,1,0
Vampire,1,0,5,1,0
Vampire,1,0,-2,0,0
Human,0,1,-2,1,0
Human,0,1,-4,1,0
Vampire,0,1,3,0,1
Human,0,1,-2,1,1
Human,1,0,1,1,1
Vampire,1,0,-3,0,0
Human,1,0,-1,1,1
Human,1,0,-1,1,1
Human,1,0,5,1,1
Vampire,1,0,2,1,0
Vampire,1,0,4,0,1
Vampire,1,0,0,1,0
Vampire,0,1,3,1,0
Human,0,0,-5,0,0
Vampire,1,0,1,0,1
Vampire,1,0,-3,0,0
Human,0,1,-5,1,1
Human,1,0,-5,0,1
Vampire,0,1,1,1,0
Human,1,0,-5,1,1
Vampire,0,1,5,0,0
Vampire,1,0,-2,1,0
Human,0,0,-3,1,0
Human,0,1,2,1,1
Human,0,1,3,1,1
Vampire,0,1,5,0,1
Vampire,1,0,-1,1,0
Human,0,1,-1,1,1
Vampire,1,0,1,0,0
Human,1,0,-5,0,1
Vampire,0,0,1,0,0
Vampire,0,1,1,0,0
Human,0,1,0,0,1
Human,0,1,-3,1,1
Human,1,0,-5,1,1
Vampire,1,0,-5,0,0
Human,1,0,4,1,1
Human,0,0,1,1,0
Vampire,1,0,5,0,1
Human,1,0,-1,1,1
Vampire,1,0,0,1,0
Vampire,1,0,1,0,0
Human,0,0,4,0,1
Human,0,0,-5,1,0
Vampire,0,1,2,0,0
Vampire,1,0,-3,0,0
Human,1,0,-5,0,1
Vampire,1,0,3,0,1
Human,0,1,0,0,1
Vampire,1,0,1,0,1
Human,0,0,-3,1,0
Human,0,0,3,1,0
Human,0,0,1,0,1
Human,0,0,-4,1,0
Human,1,0,-2,1,1
Human,0,1,-4,0,1
Vampire,0,1,5,0,0
Vampire,1,0,5,0,1
Vampire,1,0,-2,0,1
Human,0,1,-2,1,0
Human,0,0,-3,1,1
Human,0,1,-4,1,1
Human,1,0,0,1,1
Vampire,0,1,3,1,0
Vampire,1,0,1,1,0
Human,1,0,-5,0,1
Vampire,1,0,-2,1,0
Human,1,0,-4,1,1
Human,0,1,-5,1,1
Human,1,0,4,1,1
Human,0,0,-4,1,0
Human,0,0,-2,1,0
Human,0,0,2,1,0
Human,1,0,-5,1,1
Human,1,0,4,1,1
Vampire,1,0,1,0,1
Human,0,0,-5,0,0
Human,1,0,-3,1,1
Vampire,1,0,-2,0,0
Vampire,0,1,1,0,1
Human,0,0,-5,0,1
Human,0,0,-3,1,1
Human,0,0,-4,0,1
Human,1,0,-5,1,1
Vampire,0,1,-1,0,0
Vampire,1,0,-2,0,1
Human,1,0,0,1,1
Vampire,1,0,-1,1,0
Vampire,1,0,0,1,0
Vampire,1,0,-3,0,0
Human,0,0,5,0,1
Human,0,1,4,1,1
Human,1,0,-1,1,1
Human,0,1,0,0,1
Human,0,0,0,0,1
Human,0,1,-1,0,1
Vampire,1,0,-4,0,1
Human,1,0,-5,1,1
Human,1,0,-4,1,1
Human,1,0,-5,1,0
Human,0,0,4,0,1
Vampire,0,0,-1,0,0
Vampire,0,1,3,1,0
Human,1,0,-1,1,1
Vampire,1,0,1,1,0
Vampire,1,0,-2,1,0
Vampire,0,1,0,0,0
Human,0,0,-5,1,0
Vampire,1,0,-3,0,1
Vampire,1,0,0,0,0
Vampire,1,0,0,0,0
Vampire,1,0,0,0,1
Vampire,1,0,0,0,0
Vampire,1,0,3,0,0
Vampire,1,0,-2,0,1
Vampire,0,0,3,0,0
Vampire,0,1,5,1,0
Human,0,0,3,1,0
Vampire,1,0,-3,0,0
Vampire,1,0,-3,0,1
Human,0,1,-3,1,1
Human,0,0,-5,0,1
Human,0,1,0,1,0
Vampire,0,1,-1,0,0
Human,1,0,0,1,1
Human,1,0,5,1,1
Vampire,1,0,-1,1,0
Human,1,0,-3,1,1
Human,0,0,-2,1,1
Vampire,1,0,4,0,0
Human,0,1,-2,1,1
Human,0,0,-2,0,1
Vampire,1,0,-3,0,1
Human,1,0,4,1,1
Human,1,0,-5,1,0
Vampire,1,0,0,0,1
Vampire,0,0,5,0,0
Vampire,1,0,2,1,0
Vampire,1,0,3,1,0
Vampire,1,0,-1,0,0
Vampire,1,0,-1,0,0
Human,0,1,-5,1,0
Human,0,0,0,1,0
Vampire,0,0,0,0,0
Vampire,0,1,-4,0,0
Vampire,0,0,0,0,0
Vampire,1,0,3,0,0
Vampire,0,1,1,0,1
Vampire,1,0,-5,0,0
Vampire,1,0,-3,0,1
Human,0,0,1,0,1
Vampire,0,0,1,0,0
Vampire,1,0,-1,0,0
Vampire,0,1,3,0,0
Vampire,1,0,-4,1,0
Human,0,0,-2,1,1
Human,0,0,2,1,1
Vampire,1,0,-4,0,0
Vampire,1,0,-2,0,0
Vampire,1,0,-3,0,0
Human,1,0,-2,1,1
Vampire,0,0,0,0,0
Human,1,0,-4,1,1
Human,1,0,-1,1,1
Vampire,1,0,-2,0,1
Vampire,0,1,5,1,0
Vampire,1,0,-3,1,0
Vampire,1,0,1,0,1
Human,1,0,-1,1,1
Vampire,0,1,1,0,0
Human,1,0,3,1,1
Vampire,1,0,5,1,0
Vampire,1,0,2,0,1
Human,1,0,4,1,1
Vampire,1,0,3,1,0
Human,0,1,-5,1,0
Human,1,0,2,1,1
Human,1,0,4,1,1
Vampire,1,0,1,0,1
Vampire,1,0,1,0,0
Human,0,0,-5,1,0
Vampire,1,0,4,0,1
Vampire,0,1,-4,0,0
Human,1,0,2,1,1
Human,1,0,-5,1,1
Human,0,0,1,1,1
Human,0,1,-2,0,1
Vampire,1,0,-1,0,0
Human,1,0,1,1,1
Vampire,0,0,-3,0,0
Vampire,1,0,-3,0,0
Vampire,0,1,5,1,0
Vampire,1,0,4,0,0
Human,0,0,-1,0,1
Human,0,0,1,0,1
Vampire,1,0,4,0,0
Vampire,1,0,2,0,0
Vampire,1,0,-3,0,1
Vampire,0,1,1,0,0
Vampire,1,0,4,0,1
Vampire,0,0,-1,0,0
Vampire,0,0,-1,0,0
Vampire,1,0,-1,0,1
Vampire,0,1,3,1,0
Human,0,1,-2,1,1
Human,0,0,4,0,1
Human,0,0,-3,1,1
Human,0,1,-2,1,0
Human,0,1,2,1,1
Vampire,1,0,4,0,1
Vampire,1,0,3,0,1
Vampire,1,0,-4,0,0
Human,0,0,3,0,1
Vampire,1,0,4,0,1
Vampire,0,1,-2,0,0
Human,0,1,0,1,0
Vampire,0,1,-5,0,0
Human,1,0,-5,0,1
Human,0,0,-3,0,1
Human,1,0,5,1,1
Vampire,1,0,-2,0,0
Vampire,1,0,-2,1,0
Vampire,1,0,-1,0,0
Vampire,1,0,3,1,0
Human,1,0,-1,1,1
Human,0,0,-3,1,1
Vampire,1,0,2,0,0
Vampire,0,1,-4,0,0
Vampire,1,0,-5,0,0
Vampire,0,1,-2,0,0
Human,1,0,2,1,1
Vampire,1,0,-2,0,0
Vampire,1,0,5,1,0
Vampire,0,1,-5,0,0
Human,0,1,4,1,1
Vampire,1,0,4,0,0
Vampire,1,0,5,0,0
Vampire,1,0,4,0,0
Human,1,0,-5,1,1
Human,0,0,0,0,1
Human,0,1,-4,1,0
Human,1,0,-1,1,1
Human,1,0,2,1,1
Vampire,1,0,4,0,0
Human,0,0,1,0,1
Vampire,0,0,0,0,0
Human,0,0,-1,1,1
Human,0,0,2,0,1
Vampire,1,0,1,0,1
Vampire,0,0,-1,0,0
Human,0,1,-1,0,1
Human,1,0,1,1,1
Human,1,0,-5,1,0
Vampire,1,0,-1,0,1
Vampire,1,0,-3,0,1
Human,1,0,-5,0,1
Vampire,0,1,4,0,0
Human,1,0,3,1,1
Human,0,1,-5,1,0
Human,0,1,3,1,1
Vampire,1,0,-5,0,0
Human,0,0,3,1,0
Human,0,1,-1,0,1
Vampire,0,0,3,0,0
Human,0,1,-5,1,0
Vampire,1,0,-1,1,0
Vampire,1,0,5,1,0
Human,1,0,-4,1,1
Vampire,1,0,4,0,0
Vampire,1,0,1,0,0
Vampire,0,0,4,0,0
Vampire,1,0,0,0,1
Vampire,1,0,3,0,1
Human,0,1,-5,1,0
Human,1,0,-5,0,1
Vampire,1,0,4,0,0
Vampire,1,0,0,0,1
Vampire,1,0,2,0,1
Human,0,0,5,1,1
Human,0,1,-3,1,0
Human,0,1,0,0,1
Human,0,1,0,0,1
Human,0,1,-2,0,1
Vampire,1,0,-1,1,0
Human,1,0,-3,1,1
Human,0,0,-5,0,0
Human,0,0,-2,0,1
Human,1,0,4,1,1
Human,0,1,-3,0,1
Vampire,1,0,-1,1,0
Vampire,1,0,-2,0,0
Vampire,0,1,2,1,0
Vampire,1,0,-2,0,1
Vampire,0,0,-2,0,0
Human,1,0,-5,1,1
Human,1,0,5,1,1
Vampire,1,0,5,1,0
Human,1,0,-2,1,1
Vampire,1,0,-1,0,0
Human,0,1,2,1,1
Human,1,0,-2,1,1
Human,1,0,-3,1,1
Vampire,0,1,5,0,1
Vampire,0,0,0,0,0
Human,0,0,4,0,1
Human,0,0,1,1,0
Vampire,1,0,-1,0,0
Vampire,1,0,5,0,1
Vampire,0,1,-5,0,0
Human,1,0,-3,1,1
Human,0,0,3,0,1
Vampire,0,1,5,0,1
Human,0,1,1,1,1
Human,0,0,-3,1,0
Vampire,1,0,-3,0,0
Vampire,1,0,3,1,0
Vampire,1,0,-4,0,0
Human,1,0,5,1,1
Human,0,0,4,0,1
Vampire,0,0,0,0,0
Vampire,0,1,-2,0,0
Human,0,1,-1,1,0
Vampire,1,0,2,0,1
Human,0,0,3,0,1
Vampire,1,0,5,0,0
Human,0,0,-3,1,1
Human,1,0,3,1,1
Human,0,0,0,1,0
Human,0,0,2,0,1
Human,1,0,3,1,1
Human,0,1,-3,1,1
Vampire,0,1,2,0,1
Human,0,1,-4,1,0
Human,1,0,1,1,1
Human,0,0,-5,1,1
Vampire,1,0,0,0,1
Vampire,0,1,1,0,0
Human,0,1,1,1,1
Vampire,0,1,1,1,0
Vampire,1,0,4,0,1
Vampire,1,0,2,0,1
Vampire,1,0,1,1,0
Vampire,1,0,-5,0,0
Vampire,0,1,3,0,0
Vampire,1,0,3,1,0
Human,0,0,2,0,1
Vampire,1,0,2,1,0
Human,0,0,0,0,1
Vampire,1,0,1,0,1
Vampire,1,0,-4,0,0
Vampire,0,1,5,0,0
Vampire,1,0,2,0,0
Vampire,0,0,-2,0,0
Vampire,0,1,5,0,1
Vampire,1,0,2,1,0
Human,0,0,1,1,1
Human,0,0,4,1,1
Human,1,0,2,1,1
Vampire,1,0,-3,0,1
Human,1,0,5,1,1
Human,0,0,2,1,1
Human,0,0,5,0,1
Human,1,0,-5,1,1
Vampire,0,1,5,1,0
Human,1,0,-3,1,1
Vampire,1,0,5,1,0
Vampire,0,0,-4,0,0
Human,0,0,-5,0,0
Vampire,1,0,-3,0,0
Human,0,1,5,1,1
Vampire,0,1,4,0,1
Vampire,1,0,-2,0,1
Human,0,0,-5,0,0
Human,0,0,-4,1,0
Human,0,0,-5,0,1
Vampire,1,0,-1,0,0
Vampire,1,0,3,1,0
Vampire,0,1,1,0,1
Human,1,0,0,1,1
Human,0,0,3,1,1
Vampire,1,0,1,0,1
Vampire,1,0,-4,1,0
Human,0,1,4,1,1
Vampire,1,0,5,0,1
Vampire,0,0,-4,0,0
Vampire,1,0,-2,0,0
Vampire,1,0,-2,0,0
Human,1,0,2,1,1
Vampire,0,1,0,0,0
Vampire,0,1,1,0,0
Human,0,0,-3,1,0
Human,0,0,0,1,1
Vampire,1,0,-5,0,0
Human,0,1,-4,0,1
Vampire,1,0,1,1,0
Human,0,0,0,0,1
Vampire,1,0,-2,0,1
Vampire,1,0,3,0,1
Vampire,0,0,1,0,0
Human,0,0,-4,1,1
Human,0,0,0,1,0
Vampire,0,0,4,0,0
Vampire,0,1,3,0,0
Human,0,1,-3,1,0
Vampire,1,0,-2,0,1
Vampire,1,0,-1,1,0
Human,1,0,-2,1,1
Vampire,1,0,2,0,1
Vampire,1,0,3,0,1
Human,0,0,-3,1,1
Human,0,0,-4,1,0
Vampire,1,0,-2,1,0
Vampire,0,1,5,0,0
Vampire,1,0,2,0,0
Vampire,1,0,5,1,0
Human,1,0,4,1,1
Vampire,1,0,5,0,1
Vampire,1,0,1,0,1
Vampire,1,0,5,0,1
Vampire,1,0,0,0,1
Vampire,1,0,4,0,1
Vampire,1,0,4,0,1
Vampire,1,0,-1,0,0
Vampire,1,0,4,0,0
Vampire,0,0,4,0,0
Vampire,1,0,1,1,0
Vampire,1,0,1,0,0
Vampire,1,0,-3,0,0
Vampire,1,0,-2,0,0
Human,0,1,-5,0,1
Human,0,0,-3,1,0
Vampire,0,1,-3,0,0
Vampire,0,1,-5,0,0
Vampire,1,0,1,1,0
Vampire,0,1,5,0,0
Human,0,1,-3,1,1
Human,1,0,0,1,1
Human,1,0,-1,1,1
Human,0,0,-3,0,1
Human,0,0,-2,0,1
Human,1,0,4,1,1
Human,0,0,-5,0,0
Human,0,0,-5,0,1
Human,0,0,4,1,0
Human,1,0,0,1,1
Human,1,0,-5,1,1
Human,0,0,-1,1,0
Human,0,1,-4,1,0
Vampire,1,0,0,1,0
Vampire,1,0,4,0,1
Human,0,0,-2,0,1
Vampire,1,0,-3,1,0
Human,0,0,-2,0,1
Vampire,1,0,3,0,0
Vampire,0,1,5,0,1
Human,0,0,-5,1,1
Vampire,0,0,-4,0,0
Vampire,1,0,-3,0,1
Human,0,1,3,1,1
Human,0,1,-2,0,1
Human,0,0,3,1,1
Human,1,0,0,1,1
Vampire,0,1,3,1,0
Vampire,1,0,5,0,0
Vampire,0,1,5,0,1
Vampire,1,0,-4,0,0
Human,0,0,-1,1,0
Human,1,0,-5,1,1
Human,0,1,0,0,1
Vampire,0,1,1,0,1
Vampire,0,0,-1,0,0
Vampire,1,0,2,0,0
Vampire,1,0,3,0,0
Human,0,0,-5,1,1
Human,0,1,-3,1,0
Human,0,1,-3,1,0
Vampire,0,1,1,0,0
Vampire,1,0,2,1,0
Vampire,0,0,5,0,0
Human,0,1,-3,1,1
Human,1,0,-5,0,1
Human,0,0,0,0,1
Human,1,0,5,1,1
Human,1,0,3,1,1
Vampire,0,0,-3,0,0
Human,0,1,-4,1,1
Vampire,1,0,2,1,0
Vampire,0,1,-1,0,0
Human,0,1,-2,1,0
Vampire,1,0,2,0,1
Vampire,1,0,-2,1,0
Human,0,0,2,1,1
Human,0,0,-5,1,1
Human,1,0,-3,1,1
Vampire,1,0,1,0,0
Vampire,1,0,-3,0,0
Vampire,0,0,5,0,0
Human,0,0,1,0,1
Vampire,0,1,-1,0,0
Human,0,1,4,1,1
Vampire,1,0,4,0,0
Human,0,1,-5,1,0
Vampire,1,0,-5,0,0
Vampire,0,1,-1,0,0
Vampire,1,0,-4,1,0
Human,0,1,4,1,1
Vampire,1,0,2,1,0
Vampire,1,0,3,0,0
Human,1,0,-2,1,1
Vampire,0,1,4,0,1
Human,0,0,4,0,1
Human,0,0,-2,0,1
Vampire,0,0,2,0,0
Human,0,1,5,1,1
Vampire,1,0,0,1,0
Human,0,0,-3,0,1
Vampire,1,0,-5,0,0
Vampire,1,0,3,0,1
Human,1,0,5,1,1
Human,0,0,5,1,0
Human,0,1,-2,1,0
Vampire,0,1,-3,0,0
Human,0,1,0,0,1
Vampire,1,0,-4,0,1
Human,0,0,5,0,1
Human,0,0,3,0,1
Human,0,1,4,1,1
Human,0,0,5,0,1
Human,0,1,5,1,1
Human,0,0,-3,1,1
Human,1,0,-5,1,0
Vampire,1,0,-4,1,0
Human,0,0,-1,0,1
Vampire,1,0,-2,0,1
Human,1,0,2,1,1
Human,0,1,-2,1,1
Vampire,0,1,2,0,1
Human,0,1,-3,1,1
Human,0,0,3,1,0
Vampire,1,0,-3,0,0
Vampire,1,0,4,1,0
Human,0,1,2,1,1
Human,0,0,4,1,1
Vampire,1,0,-3,1,0
Vampire,0,1,2,1,0
Human,0,0,4,1,1
Vampire,1,0,2,1,0
Vampire,1,0,3,0,0
Vampire,1,0,-4,0,0
Vampire,0,0,5,0,0
Human,0,1,0,1,0
Vampire,1,0,-2,0,1
Vampire,1,0,4,0,0
Vampire,1,0,-3,0,1
Human,0,1,-3,0,1
Vampire,0,1,1,1,0
Vampire,1,0,-3,0,1
Vampire,1,0,-5,0,0
Human,0,0,5,0,1
Human,0,1,-2,1,0
Vampire,1,0,3,1,0
Human,0,0,-4,1,0
Vampire,1,0,-2,0,0
Vampire,1,0,0,0,0
Vampire,1,0,0,0,1
Human,0,0,-1,1,1
Vampire,0,0,3,0,0
Vampire,1,0,3,0,1
Vampire,1,0,3,0,0
Human,1,0,-1,1,1
Vampire,0,0,3,0,0
Vampire,1,0,1,0,0
Human,0,0,-4,1,0
Vampire,0,1,0,0,0
Vampire,1,0,-2,0,0
Vampire,1,0,-4,0,0
Vampire,0,1,3,0,1
Vampire,0,0,4,0,0
Human,0,0,-5,0,0
Human,0,1,-4,1,1
Human,1,0,-2,1,1
Human,1,0,-5,1,0
Human,1,0,-5,1,0
Human,0,0,4,1,0
Human,1,0,-5,1,0
Vampire,0,1,1,0,0
Human,0,1,0,0,1
Vampire,1,0,-2,1,0
Vampire,1,0,-4,0,1
Human,1,0,-5,1,0
Human,1,0,-5,0,1
Vampire,1,0,5,0,0
Vampire,0,1,5,0,1
Vampire,0,1,-1,0,0
Vampire,1,0,1,1,0
Vampire,1,0,3,0,0
Human,0,0,4,0,1
Human,0,0,1,0,1
Human,0,0,2,0,1
Human,1,0,5,1,1
Human,0,1,-3,1,0
Human,1,0,-4,1,1
Vampire,1,0,1,1,0
Vampire,1,0,-1,0,0
Vampire,1,0,-1,1,0
Human,0,0,-3,1,1
Human,1,0,-3,1,1
Human,0,1,-1,1,1
Human,0,1,3,1,1
Vampire,1,0,0,1,0
Vampire,1,0,0,0,1
Vampire,0,1,-4,0,0
Vampire,0,1,5,0,0
Vampire,0,1,-4,0,0
Human,0,0,5,1,1
Human,0,0,2,1,0
Vampire,0,1,4,0,0
Vampire,1,0,3,1,0
Vampire,1,0,0,1,0
Human,1,0,-5,1,1
Human,0,1,-1,0,1
Human,0,0,5,1,1
Human,0,0,-3,0,1
Human,1,0,-5,1,0
Vampire,0,1,1,1,0
Vampire,0,1,1,0,1
Human,0,1,-5,0,1
Vampire,1,0,0,0,0
Vampire,1,0,5,1,0
Vampire,1,0,1,1,0
Human,1,0,-5,0,1
Vampire,1,0,4,0,0
Human,0,0,1,0,1
Human,0,1,-5,0,1
Vampire,1,0,-1,0,1
Human,0,0,1,0,1
Human,0,0,5,0,1
Human,0,0,-4,1,1
Vampire,1,0,3,0,1
Vampire,0,1,5,0,1
Vampire,0,1,3,0,0
Vampire,0,1,4,0,0
Vampire,0,0,2,0,0
Vampire,1,0,5,0,1
Human,1,0,1,1,1
Vampire,1,0,4,0,0
Human,0,0,4,1,0
Vampire,1,0,-5,0,0
Vampire,1,0,3,1,0
Human,1,0,-5,0,1
Vampire,1,0,-3,0,0
Vampire,0,1,1,0,0
Human,0,0,3,0,1
Vampire,0,1,1,0,1
Human,0,0,5,1,0
Vampire,1,0,0,0,0
Vampire,0,1,3,0,1
Vampire,1,0,-1,1,0
Vampire,1,0,-3,0,0
Vampire,1,0,4,1,0
Human,0,1,1,1,1
Human,0,0,-3,0,1
Human,0,0,-1,1,0
Human,1,0,-5,0,1
Vampire,0,1,-2,0,0
Human,0,1,-5,1,0
Vampire,1,0,0,1,0
Vampire,0,0,0,0,0